group,path,w,h,canvas,opaque,unique_colors,colors_per_sqrt,pixels_per_color,exact_clusters,exact_mean_cluster,exact_median_cluster,exact_speckle_ratio,exact_readable_clusters,q32_clusters,q32_mean_cluster,q32_median_cluster,q32_speckle_ratio,q32_readable_clusters,q32_colors,q32_colors_per_sqrt,q32_pixels_per_color
demo_ref,art_style_demo/references/workshop_fp_ref.png,1536,1024,1572864,1572864,67527,53.84332482451813,23.292371940112844,,,,,,198126,7.938705672148027,1.0,0.7431230631012588,38469,32,0.025515518153991442,49152.0
demo_ref,art_style_demo/references/street_day_ref.png,1536,1024,1572864,1572864,70871,56.50969647161023,22.193337190105968,,,,,,190830,8.242226065084106,1.0,0.7136351726667715,41026,32,0.025515518153991442,49152.0
demo_ref,art_style_demo/references/street_night_ref.png,1536,1024,1572864,1572864,39166,31.2293995006009,40.15891334320584,,,,,,115473,13.62105427242732,1.0,0.7099408519740545,25588,32,0.025515518153991442,49152.0
demo_ref,art_style_demo/references/workshop_fp_pixel_ref.png,1536,1024,1572864,1572864,48192,38.42637033991111,32.63745019920319,,,,,,31390,50.107167887862374,3.0,0.44252946798343423,15268,32,0.025515518153991442,49152.0
demo_ref,art_style_demo/references/street_day_pixel_ref.png,1536,1024,1572864,1572864,139071,110.88964453730449,11.309791401514335,,,,,,91562,17.178130665559948,2.0,0.5503156331229112,34897,32,0.025515518153991442,49152.0
demo_ref,art_style_demo/references/street_night_pixel_ref.png,1536,1024,1572864,1572864,71871,57.30705641392247,21.88454313979213,,,,,,96868,16.23718875170335,2.0,0.5219473923277037,38057,32,0.025515518153991442,49152.0
aseprite_user,Aseprite-User/export/props/anvil_side.png,64,48,3072,1548,9,0.228747855498907,172.0,148,10.45945945945946,1.0,0.6756756756756757,43,148,10.45945945945946,1.0,0.6756756756756757,43,9,0.228747855498907,172.0
aseprite_user,Aseprite-User/export/props/forge_side.png,96,80,7680,3944,15,0.23884865823693074,262.93333333333334,182,21.67032967032967,14.0,0.2967032967032967,124,182,21.67032967032967,14.0,0.2967032967032967,124,15,0.23884865823693074,262.93333333333334
aseprite_user,Aseprite-User/export/props/hammer_side.png,48,48,2304,578,9,0.37435064886346636,64.22222222222223,28,20.642857142857142,7.0,0.14285714285714285,24,28,20.642857142857142,7.0,0.14285714285714285,24,9,0.37435064886346636,64.22222222222223
aseprite_user,Aseprite-User/export/scenes/workshop_fp/workshop_fp_full.png,384,256,98304,98304,48,0.15309310892394865,2048.0,35787,2.746919272361472,1.0,0.7918517897560566,5006,25273,3.8896846436908956,1.0,0.7494955090412694,4527,32,0.10206207261596577,3072.0
aseprite_user,Aseprite-User/export/weapons/hammer.png,48,48,2304,382,8,0.40931560807732065,47.75,18,21.22222222222222,18.0,0.1111111111111111,16,18,21.22222222222222,18.0,0.1111111111111111,16,8,0.40931560807732065,47.75
aseprite_user,Aseprite-User/export/weapons/hammer_ornate.png,48,48,2304,552,13,0.5533167449931866,42.46153846153846,47,11.74468085106383,3.0,0.44680851063829785,22,47,11.74468085106383,3.0,0.44680851063829785,22,12,0.5107539184552492,46.0
aseprite_user,Aseprite-User/export/weapons/hammer_round.png,48,48,2304,552,8,0.34050261230349943,69.0,31,17.806451612903224,4.0,0.25806451612903225,19,31,17.806451612903224,4.0,0.25806451612903225,19,8,0.34050261230349943,69.0
lpc_prop,art_style_demo/shared/imported/lpc_blacksmith/props/anvil_block.png,32,24,768,576,5,0.20833333333333334,115.2,62,9.290322580645162,2.0,0.5806451612903226,24,62,9.290322580645162,2.0,0.5806451612903226,24,5,0.20833333333333334,115.2
lpc_prop,art_style_demo/shared/imported/lpc_blacksmith/props/bellows_a.png,75,25,1875,916,13,0.42953209029580836,70.46153846153847,133,6.887218045112782,3.0,0.45864661654135336,59,133,6.887218045112782,3.0,0.45864661654135336,59,13,0.42953209029580836,70.46153846153847
lpc_prop,art_style_demo/shared/imported/lpc_blacksmith/props/bellows_c.png,43,22,946,654,8,0.31282475480231003,81.75,111,5.891891891891892,2.0,0.5315315315315315,36,111,5.891891891891892,2.0,0.5315315315315315,36,8,0.31282475480231003,81.75
lpc_prop,art_style_demo/shared/imported/lpc_blacksmith/props/bellows_e.png,43,20,860,600,8,0.32659863237109044,75.0,89,6.741573033707865,3.0,0.3258426966292135,40,89,6.741573033707865,3.0,0.3258426966292135,40,8,0.32659863237109044,75.0
lpc_prop,art_style_demo/shared/imported/lpc_blacksmith/props/coal_pile_c.png,91,43,3913,2604,5,0.09798272520870256,520.8,405,6.42962962962963,3.0,0.48148148148148145,78,405,6.42962962962963,3.0,0.48148148148148145,78,5,0.09798272520870256,520.8
lpc_prop,art_style_demo/shared/imported/lpc_blacksmith/props/coal_pile_large.png,111,47,5217,3605,5,0.08327552317491303,721.0,529,6.814744801512287,3.0,0.44801512287334594,105,529,6.814744801512287,3.0,0.44801512287334594,105,5,0.08327552317491303,721.0
lpc_prop,art_style_demo/shared/imported/lpc_blacksmith/props/forge_chimney_lit.png,62,190,11780,5546,20,0.2685592176258329,277.3,877,6.323831242873432,2.0,0.5952109464082098,280,869,6.38204833141542,2.0,0.5983889528193326,276,18,0.24170329586324962,308.1111111111111
lpc_prop,art_style_demo/shared/imported/lpc_blacksmith/props/forge_round_lit.png,128,180,23040,12315,18,0.16220166092347432,684.1666666666666,1671,7.36983842010772,2.0,0.5553560742070617,601,1652,7.454600484261501,2.0,0.5532687651331719,598,16,0.1441792541541994,769.6875
lpc_prop,art_style_demo/shared/imported/lpc_blacksmith/props/forge_wall_lit.png,128,96,12288,11438,14,0.13090402176058877,817.0,875,13.072,6.0,0.256,517,875,13.072,6.0,0.256,517,14,0.13090402176058877,817.0
lpc_prop,art_style_demo/shared/imported/lpc_blacksmith/props/hammer_tool.png,44,34,1496,541,4,0.1719734321569391,135.25,76,7.118421052631579,1.5,0.75,10,76,7.118421052631579,1.5,0.75,10,3,0.12898007411770432,180.33333333333334
lpc_prop,art_style_demo/shared/imported/lpc_blacksmith/props/horseshoe.png,24,19,456,388,6,0.30460384954008574,64.66666666666667,82,4.7317073170731705,1.0,0.7317073170731707,18,82,4.7317073170731705,1.0,0.7317073170731707,18,6,0.30460384954008574,64.66666666666667
lpc_prop,art_style_demo/shared/imported/lpc_blacksmith/props/quench_barrel.png,64,64,4096,3797,10,0.16228549384254828,379.7,283,13.416961130742049,4.0,0.3745583038869258,153,283,13.416961130742049,4.0,0.3745583038869258,153,10,0.16228549384254828,379.7
lpc_prop,art_style_demo/shared/imported/lpc_blacksmith/props/quench_long.png,64,32,2048,1969,10,0.22536015980024166,196.9,104,18.932692307692307,5.0,0.3557692307692308,63,100,19.69,5.0,0.33,63,10,0.22536015980024166,196.9
lpc_prop,art_style_demo/shared/imported/lpc_blacksmith/props/quench_trough.png,60,38,2280,1771,10,0.23762422826087873,177.1,179,9.893854748603353,4.0,0.3128491620111732,104,179,9.893854748603353,4.0,0.3128491620111732,104,10,0.23762422826087873,177.1
lpc_prop,art_style_demo/shared/imported/lpc_blacksmith/props/tongs_tool.png,36,27,972,540,4,0.17213259316477408,135.0,65,8.307692307692308,2.0,0.6307692307692307,15,65,8.307692307692308,2.0,0.6307692307692307,15,4,0.17213259316477408,135.0
lpc_prop,art_style_demo/shared/imported/lpc_blacksmith/props/tool_rack_tall.png,61,92,5612,4039,15,0.23602300339840032,269.26666666666665,840,4.808333333333334,2.0,0.6285714285714286,222,831,4.860409145607702,2.0,0.6221419975932612,224,14,0.22028813650517362,288.5
lpc_prop,art_style_demo/shared/imported/lpc_blacksmith/props/workbench_b.png,63,57,3591,2307,14,0.29147696474957885,164.78571428571428,270,8.544444444444444,2.0,0.5592592592592592,104,270,8.544444444444444,2.0,0.5592592592592592,104,14,0.29147696474957885,164.78571428571428
lpc_prop,art_style_demo/shared/imported/lpc_blacksmith/props/workbench_tools.png,61,62,3782,3630,7,0.11618357280412614,518.5714285714286,122,29.75409836065574,8.0,0.32786885245901637,73,122,29.75409836065574,8.0,0.32786885245901637,73,7,0.11618357280412614,518.5714285714286
lpc_slice,art_style_demo/shared/imported/lpc_base_assets/slices/barrel_0.png,28,38,1064,914,11,0.36384766091059234,83.0909090909091,216,4.231481481481482,2.0,0.5925925925925926,57,216,4.231481481481482,2.0,0.5925925925925926,57,11,0.36384766091059234,83.0909090909091
lpc_slice,art_style_demo/shared/imported/lpc_base_assets/slices/door_wood.png,32,64,2048,1536,10,0.2551551815399144,153.6,128,12.0,3.5,0.484375,64,123,12.487804878048781,4.0,0.45528455284552843,66,10,0.2551551815399144,153.6
lpc_slice,art_style_demo/shared/imported/lpc_base_assets/slices/window_house.png,64,64,4096,2168,6,0.12886103387626732,361.3333333333333,106,20.452830188679247,16.0,0.11320754716981132,92,106,20.452830188679247,16.0,0.11320754716981132,92,6,0.12886103387626732,361.3333333333333
lpc_slice,art_style_demo/shared/imported/lpc_base_assets/slices/sign_sword.png,32,32,1024,576,9,0.375,64.0,52,11.076923076923077,1.0,0.6730769230769231,16,52,11.076923076923077,1.0,0.6730769230769231,16,9,0.375,64.0
lpc_slice,art_style_demo/shared/imported/lpc_base_assets/slices/wall_brick_fill.png,32,32,1024,1024,3,0.09375,341.3333333333333,12,85.33333333333333,21.0,0.0,12,12,85.33333333333333,21.0,0.0,12,3,0.09375,341.3333333333333
lpc_slice,art_style_demo/shared/imported/lpc_base_assets/slices/floor_cobble.png,32,32,1024,1024,3,0.09375,341.3333333333333,70,14.628571428571428,8.0,0.14285714285714285,56,70,14.628571428571428,8.0,0.14285714285714285,56,3,0.09375,341.3333333333333
lpc_slice,art_style_demo/shared/imported/lpc_base_assets/slices/beam_wood.png,32,32,1024,1024,3,0.09375,341.3333333333333,15,68.26666666666667,36.0,0.0,15,15,68.26666666666667,36.0,0.0,15,3,0.09375,341.3333333333333
experiment,art_style_demo/07_hd2d/experiment/out/pipeline_a/anvil_from_prompt.png,64,48,3072,3072,12,0.21650635094610968,256.0,294,10.448979591836734,2.0,0.5340136054421769,106,294,10.448979591836734,2.0,0.5340136054421769,106,12,0.21650635094610968,256.0
experiment,art_style_demo/07_hd2d/experiment/out/pipeline_a/hammer_from_prompt.png,48,48,2304,2304,10,0.20833333333333334,230.4,114,20.210526315789473,2.0,0.5526315789473685,44,114,20.210526315789473,2.0,0.5526315789473685,44,10,0.20833333333333334,230.4
experiment,art_style_demo/07_hd2d/experiment/out/pipeline_a/street_from_demo_a.png,320,180,57600,57600,32,0.13333333333333333,1800.0,13561,4.247474375046088,1.0,0.7273799867266426,2626,13561,4.247474375046088,1.0,0.7273799867266426,2626,32,0.13333333333333333,1800.0
experiment,art_style_demo/07_hd2d/experiment/out/pipeline_a/workshop_from_demo_a.png,320,180,57600,57600,32,0.13333333333333333,1800.0,13653,4.218852999340804,1.0,0.7259210429942137,2647,13653,4.218852999340804,1.0,0.7259210429942137,2647,32,0.13333333333333333,1800.0
experiment,art_style_demo/07_hd2d/experiment/out/pipeline_a/workshop_from_demo_a_48c.png,384,256,98304,98304,48,0.15309310892394865,2048.0,29418,3.3416275749541096,1.0,0.7586851587463458,4988,24278,4.049097948760195,1.0,0.7321031386440399,4663,32,0.10206207261596577,3072.0
experiment,art_style_demo/07_hd2d/experiment/out/pipeline_b/anvil.png,64,48,3072,1001,8,0.2528558164964056,125.125,15,66.73333333333333,48.0,0.0,15,15,66.73333333333333,48.0,0.0,15,8,0.2528558164964056,125.125
experiment,art_style_demo/07_hd2d/experiment/out/pipeline_b/forge.png,96,80,7680,4068,7,0.10975076797808635,581.1428571428571,11,369.8181818181818,180.0,0.0,11,11,369.8181818181818,180.0,0.0,11,7,0.10975076797808635,581.1428571428571
experiment,art_style_demo/07_hd2d/experiment/out/pipeline_b/hammer.png,48,48,2304,508,9,0.39931042923725124,56.44444444444444,22,23.09090909090909,11.0,0.0,22,22,23.09090909090909,11.0,0.0,22,9,0.39931042923725124,56.44444444444444
experiment,art_style_demo/07_hd2d/experiment/out/pipeline_b/street.png,320,180,57600,57600,12,0.05,4800.0,33,1745.4545454545455,352.0,0.0,33,33,1745.4545454545455,352.0,0.0,33,12,0.05,4800.0
experiment,art_style_demo/07_hd2d/experiment/out/pipeline_b/workshop.png,320,180,57600,57600,18,0.075,3200.0,60,960.0,200.0,0.0,60,59,976.271186440678,200.0,0.0,59,17,0.07083333333333333,3388.235294117647
